"","id","match_num","win_num","winning_rate","level"
"3","bassboy",4,4,1,"level 1"
"6","bob_the_bunny",3,3,1,"level 1"
"25","ins0mn1a",3,3,1,"level 1"
"37","micaiahwa",8,8,1,"level 1"
"40","moty1",5,5,1,"level 1"
"41","mr_zilgaze",4,4,1,"level 1"
"27","karsh",5,4,0.8,"level 1"
"36","micahkohn",5,4,0.8,"level 1"
"53","sara_z_1396",5,4,0.8,"level 1"
"39","mlkrt",3,2,0.666666666666667,"level 1"
"48","quantumbear",3,2,0.666666666666667,"level 1"
"54","satuninja",3,2,0.666666666666667,"level 1"
"23","hash_13-chess",16,10,0.625,"level 1"
"21","gourang",10,6,0.6,"level 1"
"22","grandmasterblr",4,2,0.5,"level 1"
"52","sanchitkaushal",6,3,0.5,"level 1"
"57","szachysta",7,3,0.428571428571429,"level 1"
"38","misfox",5,2,0.4,"level 1"
"5","blokh1n",3,1,0.333333333333333,"level 1"
"12","crazyscientist1",6,2,0.333333333333333,"level 1"
"13","crosshair",3,1,0.333333333333333,"level 1"
"18","deekay17",3,1,0.333333333333333,"level 1"
"31","mamaszachistka",3,1,0.333333333333333,"level 1"
"32","marellik",3,1,0.333333333333333,"level 1"
"46","pooperic",3,1,0.333333333333333,"level 1"
"59","theboss101",3,1,0.333333333333333,"level 1"
"55","shivangithegenius",13,4,0.307692307692308,"level 1"
"7","brunodecarry",4,1,0.25,"level 1"
"49","ravoshm",4,1,0.25,"level 1"
"51","samuelpro",4,1,0.25,"level 1"
"56","sureka_akshat",4,1,0.25,"level 1"
"14","danielgraham88",7,1,0.142857142857143,"level 1"
"1","alexmorato",4,0,0,"level 1"
"2","alliekatxoxo1",7,0,0,"level 1"
"4","beastly",8,0,0,"level 1"
"8","burks",3,0,0,"level 1"
"9","carlosamadorsanchez",3,0,0,"level 1"
"10","chetelozuro",3,0,0,"level 1"
"11","coco31",5,0,0,"level 1"
"15","darrell300",3,0,0,"level 1"
"16","dbercaw",3,0,0,"level 1"
"17","dearj",3,0,0,"level 1"
"19","fieloxx",3,0,0,"level 1"
"20","giigii",3,0,0,"level 1"
"24","init9",3,0,0,"level 1"
"26","jdy",3,0,0,"level 1"
"28","kylecuver1",10,0,0,"level 1"
"29","lilbigjay",3,0,0,"level 1"
"30","makegus1",4,0,0,"level 1"
"33","marigw",9,0,0,"level 1"
"34","marinovanec",3,0,0,"level 1"
"35","marmoraka5",4,0,0,"level 1"
"42","muorota",4,0,0,"level 1"
"43","myklfriend",4,0,0,"level 1"
"44","ntam",4,0,0,"level 1"
"45","omar_naguib",4,0,0,"level 1"
"47","pouyandp",5,0,0,"level 1"
"50","robertoautista",3,0,0,"level 1"
"58","temi2017",3,0,0,"level 1"
"60","valibulin",5,0,0,"level 1"
"61","xblazin_grape",9,0,0,"level 1"
"62","zoerichi",3,0,0,"level 1"
"810","academicninja99",4,4,1,"level 2"
"1610","ajji58",4,4,1,"level 2"
"3210","andreas636",4,4,1,"level 2"
"4610","aslan737373",3,3,1,"level 2"
"541","barker1964",3,3,1,"level 2"
"65","blazingdragon",3,3,1,"level 2"
"72","brandonbos",3,3,1,"level 2"
"75","brucewayne100",3,3,1,"level 2"
"79","bulletlover",3,3,1,"level 2"
"97","chita",3,3,1,"level 2"
"100","clash_royale",5,5,1,"level 2"
"112","daniamurashov",5,5,1,"level 2"
"130","diliprake",3,3,1,"level 2"
"136","dragonstar1738",4,4,1,"level 2"
"144","e-shaposhnikov",3,3,1,"level 2"
"147","eche777",4,4,1,"level 2"
"149","egor-220",3,3,1,"level 2"
"181","gr3ch",3,3,1,"level 2"
"190","hick4u1219",4,4,1,"level 2"
"199","indignantary",5,5,1,"level 2"
"201","inna457",3,3,1,"level 2"
"202","iriskesss",3,3,1,"level 2"
"204","ispavlo",3,3,1,"level 2"
"208","iwikipedia",3,3,1,"level 2"
"209","jackdouxx",4,4,1,"level 2"
"224","jojo58",4,4,1,"level 2"
"235","julien63000",5,5,1,"level 2"
"236","juozaskaz",3,3,1,"level 2"
"237","just_basics",3,3,1,"level 2"
"240","kachess10204542",3,3,1,"level 2"
"250","kingestee33",3,3,1,"level 2"
"251","kingfbh",3,3,1,"level 2"
"252","knight_knemesis",4,4,1,"level 2"
"254","kopr",4,4,1,"level 2"
"268","lelik3310",4,4,1,"level 2"
"272","lyca",3,3,1,"level 2"
"294","mbmlubos",3,3,1,"level 2"
"303","miqomanukyan2001",3,3,1,"level 2"
"321","oldsim",3,3,1,"level 2"
"323","omniomega77",3,3,1,"level 2"
"325","paavel02",3,3,1,"level 2"
"327","pablog2200",3,3,1,"level 2"
"333","pasch0s",3,3,1,"level 2"
"334","patolino",3,3,1,"level 2"
"335","patrizio67",4,4,1,"level 2"
"344","piroz_xucestih",8,8,1,"level 2"
"345","pjjjzz",3,3,1,"level 2"
"366","ringhals",3,3,1,"level 2"
"368","robotec",3,3,1,"level 2"
"379","schneetatze",3,3,1,"level 2"
"384","serg0901",4,4,1,"level 2"
"395","snowden",5,5,1,"level 2"
"409","synadze",3,3,1,"level 2"
"422","thekingdomcome",3,3,1,"level 2"
"424","thepawnsofwrath",3,3,1,"level 2"
"451","vikrant_dalvi",4,4,1,"level 2"
"461","wiggleitjiggleit",12,12,1,"level 2"
"469","xapoh",4,4,1,"level 2"
"244","kastorcito",11,10,0.909090909090909,"level 2"
"374","run5k",7,6,0.857142857142857,"level 2"
"365","ri_chess",6,5,0.833333333333333,"level 2"
"439","trrrrillionaire",6,5,0.833333333333333,"level 2"
"462","williamyen",6,5,0.833333333333333,"level 2"
"710","abujssar",5,4,0.8,"level 2"
"363","rfabian",5,4,0.8,"level 2"
"460","whfo",5,4,0.8,"level 2"
"242","karsh",9,7,0.777777777777778,"level 2"
"210","jakubsagitario17",13,10,0.769230769230769,"level 2"
"70","bobbyevans",4,3,0.75,"level 2"
"127","dfdghgh",8,6,0.75,"level 2"
"217","jejeh",4,3,0.75,"level 2"
"269","lightfoot",4,3,0.75,"level 2"
"274","maciek1959",4,3,0.75,"level 2"
"306","mitkonikov",4,3,0.75,"level 2"
"328","pachiviris",4,3,0.75,"level 2"
"351","prototip",4,3,0.75,"level 2"
"370","rodrigowski19",12,9,0.75,"level 2"
"378","scardanelli",4,3,0.75,"level 2"
"432","tong1995",4,3,0.75,"level 2"
"433","tony98000",4,3,0.75,"level 2"
"454","voodooo",4,3,0.75,"level 2"
"477","zilic1",4,3,0.75,"level 2"
"101","codagirl",7,5,0.714285714285714,"level 2"
"153","emigrate",7,5,0.714285714285714,"level 2"
"342","piley159",7,5,0.714285714285714,"level 2"
"910","accesspror4",3,2,0.666666666666667,"level 2"
"2310","alexandre_silva",3,2,0.666666666666667,"level 2"
"3510","angelsanchez",3,2,0.666666666666667,"level 2"
"4310","arturfritz",3,2,0.666666666666667,"level 2"
"601","benev82",3,2,0.666666666666667,"level 2"
"611","bigbrother101",3,2,0.666666666666667,"level 2"
"621","bilel16",3,2,0.666666666666667,"level 2"
"76","bu11d0zer",3,2,0.666666666666667,"level 2"
"84","catire25",6,4,0.666666666666667,"level 2"
"90","chenla",6,4,0.666666666666667,"level 2"
"102","conormac",3,2,0.666666666666667,"level 2"
"114","dantesmontecristo",3,2,0.666666666666667,"level 2"
"116","dav54",3,2,0.666666666666667,"level 2"
"123","delfoscabernard",3,2,0.666666666666667,"level 2"
"134","dj822",3,2,0.666666666666667,"level 2"
"135","dpoty",6,4,0.666666666666667,"level 2"
"139","drimagrela",3,2,0.666666666666667,"level 2"
"150","elcortez",3,2,0.666666666666667,"level 2"
"159","estebanpinto72",3,2,0.666666666666667,"level 2"
"161","ewafx",3,2,0.666666666666667,"level 2"
"173","galina-slog",3,2,0.666666666666667,"level 2"
"183","grundlesniffer",12,8,0.666666666666667,"level 2"
"187","hayati563",3,2,0.666666666666667,"level 2"
"192","howichok",3,2,0.666666666666667,"level 2"
"194","iamaliveandbored",6,4,0.666666666666667,"level 2"
"205","isuckatchess96",3,2,0.666666666666667,"level 2"
"221","jlb78",3,2,0.666666666666667,"level 2"
"225","jokokwok",3,2,0.666666666666667,"level 2"
"226","jonhnyorion",6,4,0.666666666666667,"level 2"
"227","jore82",3,2,0.666666666666667,"level 2"
"231","jrandmaster",6,4,0.666666666666667,"level 2"
"239","jutton1",3,2,0.666666666666667,"level 2"
"256","krish1991",3,2,0.666666666666667,"level 2"
"263","lasttry",3,2,0.666666666666667,"level 2"
"265","ledaua",3,2,0.666666666666667,"level 2"
"266","legendaryherojuice",3,2,0.666666666666667,"level 2"
"267","leks86",3,2,0.666666666666667,"level 2"
"277","magrabi",3,2,0.666666666666667,"level 2"
"279","maiconoo8oo",3,2,0.666666666666667,"level 2"
"280","mamaduck",6,4,0.666666666666667,"level 2"
"291","maurixx",3,2,0.666666666666667,"level 2"
"297","melibea1964",3,2,0.666666666666667,"level 2"
"307","moniuska",3,2,0.666666666666667,"level 2"
"316","newbieee",3,2,0.666666666666667,"level 2"
"318","nik221107",3,2,0.666666666666667,"level 2"
"324","ox_brilliant",3,2,0.666666666666667,"level 2"
"349","pouya_hero",3,2,0.666666666666667,"level 2"
"354","rafpep17",3,2,0.666666666666667,"level 2"
"367","riverroad",3,2,0.666666666666667,"level 2"
"369","robotsmoke",3,2,0.666666666666667,"level 2"
"373","rookreversal",3,2,0.666666666666667,"level 2"
"388","sheik_yerbouti",3,2,0.666666666666667,"level 2"
"396","snupi",3,2,0.666666666666667,"level 2"
"404","stopwarplaychess",3,2,0.666666666666667,"level 2"
"415","tarbainternationnal",3,2,0.666666666666667,"level 2"
"425","thesnare",6,4,0.666666666666667,"level 2"
"428","tmontechess44",3,2,0.666666666666667,"level 2"
"437","triexplyz",3,2,0.666666666666667,"level 2"
"445","urst",3,2,0.666666666666667,"level 2"
"446","v2u",3,2,0.666666666666667,"level 2"
"449","vezirtonyukuk",3,2,0.666666666666667,"level 2"
"450","vic_mark",3,2,0.666666666666667,"level 2"
"455","vovkakuz",3,2,0.666666666666667,"level 2"
"463","williamzhi",3,2,0.666666666666667,"level 2"
"464","wisdomfromthelord",3,2,0.666666666666667,"level 2"
"471","yefi",3,2,0.666666666666667,"level 2"
"2210","alex28195",5,3,0.6,"level 2"
"2610","amanan",5,3,0.6,"level 2"
"3810","antitexnik",5,3,0.6,"level 2"
"106","crixin",15,9,0.6,"level 2"
"191","howchessyt",5,3,0.6,"level 2"
"308","moon50",10,6,0.6,"level 2"
"362","reubpear",5,3,0.6,"level 2"
"435","totti",5,3,0.6,"level 2"
"141","dude_perfect",12,7,0.583333333333333,"level 2"
"128","dhernandez101",7,4,0.571428571428571,"level 2"
"243","kasparovd0311",7,4,0.571428571428571,"level 2"
"94","chesslearningpro",9,5,0.555555555555556,"level 2"
"160","ethan_3f",9,5,0.555555555555556,"level 2"
"1100","-l-_jedi_knight_-l-",8,4,0.5,"level 2"
"2810","amateur_pawn_star",4,2,0.5,"level 2"
"591","beepbeepimajeep",4,2,0.5,"level 2"
"64","blassterkal",8,4,0.5,"level 2"
"68","bluejaymo",4,2,0.5,"level 2"
"73","briseidalinnankivi",4,2,0.5,"level 2"
"85","cemki22",4,2,0.5,"level 2"
"93","chessguy9002",4,2,0.5,"level 2"
"99","chunkymonkey",6,3,0.5,"level 2"
"113","danilo1961",4,2,0.5,"level 2"
"118","davilaff",4,2,0.5,"level 2"
"138","dricamagra",4,2,0.5,"level 2"
"165","faridov",4,2,0.5,"level 2"
"169","flamemaster51",8,4,0.5,"level 2"
"185","hamidreza",4,2,0.5,"level 2"
"189","helykopter33",4,2,0.5,"level 2"
"198","incompetentf",4,2,0.5,"level 2"
"200","ineedhacks",8,4,0.5,"level 2"
"211","jamboger",4,2,0.5,"level 2"
"216","jeffersondarcy1",4,2,0.5,"level 2"
"255","kostastop1526",4,2,0.5,"level 2"
"259","kyanh",4,2,0.5,"level 2"
"275","madleotindas",4,2,0.5,"level 2"
"295","mcdaman",6,3,0.5,"level 2"
"322","olorinn",4,2,0.5,"level 2"
"352","quantummequanic",14,7,0.5,"level 2"
"364","rhysmc123",6,3,0.5,"level 2"
"381","scorchedturf",10,5,0.5,"level 2"
"382","scorpion2248",4,2,0.5,"level 2"
"392","slava010976",4,2,0.5,"level 2"
"399","sparkyman",4,2,0.5,"level 2"
"413","tanganika",4,2,0.5,"level 2"
"426","thesneakyolive",6,3,0.5,"level 2"
"429","toitles",8,4,0.5,"level 2"
"430","tokbora",4,2,0.5,"level 2"
"2100","a_p_t_e_m_u_u",78,38,0.487179487179487,"level 2"
"414","taranga",150,70,0.466666666666667,"level 2"
"109","dadt505",9,4,0.444444444444444,"level 2"
"203","islam01",9,4,0.444444444444444,"level 2"
"245","kayvan0098",7,3,0.428571428571429,"level 2"
"320","noob47",7,3,0.428571428571429,"level 2"
"371","romanar2006",28,12,0.428571428571429,"level 2"
"551","barrow-wight",12,5,0.416666666666667,"level 2"
"288","mathhopper",17,7,0.411764705882353,"level 2"
"3910","anudeep_nani1501",5,2,0.4,"level 2"
"483","axelpro446",5,2,0.4,"level 2"
"111","dakotarain",5,2,0.4,"level 2"
"121","dedy78",5,2,0.4,"level 2"
"148","edu_r",5,2,0.4,"level 2"
"155","enricolord",25,10,0.4,"level 2"
"262","lapeque",5,2,0.4,"level 2"
"298","meme_master",5,2,0.4,"level 2"
"299","mikiduda",10,4,0.4,"level 2"
"332","partiallyundead",5,2,0.4,"level 2"
"338","personalidad",5,2,0.4,"level 2"
"359","rehcsif6rehcsif",5,2,0.4,"level 2"
"301","minecraftbook",8,3,0.375,"level 2"
"337","penguin100",16,6,0.375,"level 2"
"418","thatguythatistr",8,3,0.375,"level 2"
"476","zapala",8,3,0.375,"level 2"
"1510","ahmedgomez",23,8,0.347826086956522,"level 2"
"3100","a_raccoon",3,1,0.333333333333333,"level 2"
"484","a55s72",3,1,0.333333333333333,"level 2"
"2410","alivalizadeh",3,1,0.333333333333333,"level 2"
"3710","anra_d",3,1,0.333333333333333,"level 2"
"4010","arfhan",3,1,0.333333333333333,"level 2"
"4210","arthurrr",3,1,0.333333333333333,"level 2"
"4410","arturopalacio",3,1,0.333333333333333,"level 2"
"4510","asianindahouse",3,1,0.333333333333333,"level 2"
"521","baddies",3,1,0.333333333333333,"level 2"
"531","bamarillobiller",3,1,0.333333333333333,"level 2"
"63","bischopscup",3,1,0.333333333333333,"level 2"
"74","brorael357",3,1,0.333333333333333,"level 2"
"77","bud4la",3,1,0.333333333333333,"level 2"
"82","carelessmotion",3,1,0.333333333333333,"level 2"
"88","checkerssux",3,1,0.333333333333333,"level 2"
"103","corilus1",3,1,0.333333333333333,"level 2"
"119","dead23",3,1,0.333333333333333,"level 2"
"146","ebram",3,1,0.333333333333333,"level 2"
"152","elyshev94",3,1,0.333333333333333,"level 2"
"164","fandmlancaster2",3,1,0.333333333333333,"level 2"
"170","foreverunder1500",3,1,0.333333333333333,"level 2"
"174","gaspare954",3,1,0.333333333333333,"level 2"
"180","gorgizadeh",3,1,0.333333333333333,"level 2"
"184","hagitragger",3,1,0.333333333333333,"level 2"
"188","hechmi",3,1,0.333333333333333,"level 2"
"197","improbablyhigh",3,1,0.333333333333333,"level 2"
"215","jdyerjdyer",3,1,0.333333333333333,"level 2"
"228","jose63",3,1,0.333333333333333,"level 2"
"230","jota2016",3,1,0.333333333333333,"level 2"
"233","juansnow",3,1,0.333333333333333,"level 2"
"241","kani501",3,1,0.333333333333333,"level 2"
"258","kryptik",3,1,0.333333333333333,"level 2"
"260","kylarr",6,2,0.333333333333333,"level 2"
"270","lile",3,1,0.333333333333333,"level 2"
"273","lykos321",3,1,0.333333333333333,"level 2"
"278","mahmoud-0",3,1,0.333333333333333,"level 2"
"282","mariale200",3,1,0.333333333333333,"level 2"
"287","mateuslichess",3,1,0.333333333333333,"level 2"
"292","maximus_2000",3,1,0.333333333333333,"level 2"
"293","mazpharaoh",3,1,0.333333333333333,"level 2"
"304","misfox",3,1,0.333333333333333,"level 2"
"310","mrsneef",3,1,0.333333333333333,"level 2"
"311","mudasir",3,1,0.333333333333333,"level 2"
"313","nederlander2",6,2,0.333333333333333,"level 2"
"317","nickelange",3,1,0.333333333333333,"level 2"
"326","pablo1988z",3,1,0.333333333333333,"level 2"
"330","paddycologne",3,1,0.333333333333333,"level 2"
"357","rati0nal",3,1,0.333333333333333,"level 2"
"377","sansebastian",6,2,0.333333333333333,"level 2"
"383","sdmabunda",3,1,0.333333333333333,"level 2"
"405","sualan",3,1,0.333333333333333,"level 2"
"410","systemd",3,1,0.333333333333333,"level 2"
"417","tharmarajah",3,1,0.333333333333333,"level 2"
"423","thelostunicorn",6,2,0.333333333333333,"level 2"
"427","ti033ma",3,1,0.333333333333333,"level 2"
"440","tscheezel",3,1,0.333333333333333,"level 2"
"447","vankata000",3,1,0.333333333333333,"level 2"
"448","vasculartapestry",3,1,0.333333333333333,"level 2"
"458","werill",3,1,0.333333333333333,"level 2"
"467","woodham",3,1,0.333333333333333,"level 2"
"468","wpao",3,1,0.333333333333333,"level 2"
"479","zzeecco",3,1,0.333333333333333,"level 2"
"419","thefrenchtactics",10,3,0.3,"level 2"
"442","tux09",10,3,0.3,"level 2"
"610","aboud",7,2,0.285714285714286,"level 2"
"92","chessguy9001",14,4,0.285714285714286,"level 2"
"117","davidc87",7,2,0.285714285714286,"level 2"
"264","lcover",7,2,0.285714285714286,"level 2"
"346","poocasso",7,2,0.285714285714286,"level 2"
"393","snaek161616",7,2,0.285714285714286,"level 2"
"398","sp37578",14,4,0.285714285714286,"level 2"
"2510","alpha3031",4,1,0.25,"level 2"
"3410","andyfi",4,1,0.25,"level 2"
"501","aynaz22",4,1,0.25,"level 2"
"511","babblingboy",4,1,0.25,"level 2"
"581","bear789",4,1,0.25,"level 2"
"86","cerseisminge",8,2,0.25,"level 2"
"95","chiefjab",4,1,0.25,"level 2"
"133","dinobzik",4,1,0.25,"level 2"
"168","fjsr",4,1,0.25,"level 2"
"195","iigames",4,1,0.25,"level 2"
"218","jermius",4,1,0.25,"level 2"
"284","martinlutherking",4,1,0.25,"level 2"
"296","mehmetali_t",4,1,0.25,"level 2"
"302","mineralkin",8,2,0.25,"level 2"
"314","neilgally",4,1,0.25,"level 2"
"340","philipgraphics",4,1,0.25,"level 2"
"356","ranchowangdu",4,1,0.25,"level 2"
"376","sam540",4,1,0.25,"level 2"
"385","sgbarrys",8,2,0.25,"level 2"
"386","shaeila89",16,4,0.25,"level 2"
"389","shijima220",8,2,0.25,"level 2"
"416","tetley",4,1,0.25,"level 2"
"420","thegasmask",4,1,0.25,"level 2"
"421","thegrim123321",16,4,0.25,"level 2"
"436","trickysuperfreak",4,1,0.25,"level 2"
"457","vukosi",4,1,0.25,"level 2"
"472","yokocito",4,1,0.25,"level 2"
"158","erikweisz",9,2,0.222222222222222,"level 2"
"452","vivacaligula",9,2,0.222222222222222,"level 2"
"213","jayaram",14,3,0.214285714285714,"level 2"
"2910","amithchess",5,1,0.2,"level 2"
"91","chessfailurenoob",5,1,0.2,"level 2"
"142","dumb_robot",5,1,0.2,"level 2"
"177","goldenfox99",20,4,0.2,"level 2"
"207","ivan_2009",5,1,0.2,"level 2"
"248","king5891",10,2,0.2,"level 2"
"375","saitama_opm",5,1,0.2,"level 2"
"390","shmulke",5,1,0.2,"level 2"
"406","sud3457",5,1,0.2,"level 2"
"441","tutubelezza",5,1,0.2,"level 2"
"176","glzrchess",16,3,0.1875,"level 2"
"137","dregassa",6,1,0.166666666666667,"level 2"
"193","i_am_mariam",6,1,0.166666666666667,"level 2"
"234","jul-ana",6,1,0.166666666666667,"level 2"
"456","vudo1012",6,1,0.166666666666667,"level 2"
"89","chees29",14,2,0.142857142857143,"level 2"
"110","daerka",7,1,0.142857142857143,"level 2"
"281","mansoor_k11",15,2,0.133333333333333,"level 2"
"143","e_boechat",8,1,0.125,"level 2"
"156","erdem2008",8,1,0.125,"level 2"
"83","carson_wells",21,2,0.0952380952380952,"level 2"
"473","yotastrejos",11,1,0.0909090909090909,"level 2"
"510","abolfazl1386",3,0,0,"level 2"
"1010","adei",3,0,0,"level 2"
"1110","adilsontxyw",3,0,0,"level 2"
"1210","adivanov2009",4,0,0,"level 2"
"1310","adn_bravo88",3,0,0,"level 2"
"1410","ahmed_hisham",3,0,0,"level 2"
"1710","akimbohorst",3,0,0,"level 2"
"1810","aks_oks",3,0,0,"level 2"
"1910","aleffblendon",3,0,0,"level 2"
"2010","aleroniponi",3,0,0,"level 2"
"2110","alex_11_0",3,0,0,"level 2"
"2710","amaozinhadotemer",3,0,0,"level 2"
"3010","an73r05",4,0,0,"level 2"
"3110","andreas00",3,0,0,"level 2"
"3310","andro4002",3,0,0,"level 2"
"3610","anonymous_enemy",6,0,0,"level 2"
"4110","ariankiamahdi",4,0,0,"level 2"
"4710","astronautearl101",3,0,0,"level 2"
"491","ayax5000",4,0,0,"level 2"
"561","batusai809",3,0,0,"level 2"
"571","bdeathkiller",3,0,0,"level 2"
"66","blazingheart",6,0,0,"level 2"
"67","blokh1n",3,0,0,"level 2"
"69","bobblehead9898",4,0,0,"level 2"
"71","borreebuckets",6,0,0,"level 2"
"78","bugzzila",6,0,0,"level 2"
"80","businessman47",4,0,0,"level 2"
"81","butledge",4,0,0,"level 2"
"87","cesar1945",4,0,0,"level 2"
"96","chippy",3,0,0,"level 2"
"98","chummers249",6,0,0,"level 2"
"104","corol",3,0,0,"level 2"
"105","crazyscientist2",3,0,0,"level 2"
"107","cserpesgabo",3,0,0,"level 2"
"108","cubanoases",3,0,0,"level 2"
"115","dastan-2009",3,0,0,"level 2"
"120","decibelzerg",3,0,0,"level 2"
"122","del157",3,0,0,"level 2"
"124","delson",6,0,0,"level 2"
"125","deno01",3,0,0,"level 2"
"126","destroyer4",8,0,0,"level 2"
"129","diegolivo",3,0,0,"level 2"
"131","dimalesh",3,0,0,"level 2"
"132","dimch73",3,0,0,"level 2"
"140","duckduckfrog",6,0,0,"level 2"
"145","eagle77",4,0,0,"level 2"
"151","element4life",3,0,0,"level 2"
"154","emmasocool",5,0,0,"level 2"
"157","erik_manukyan",4,0,0,"level 2"
"162","ezzdinus",3,0,0,"level 2"
"163","factionmaster",3,0,0,"level 2"
"166","fasd",4,0,0,"level 2"
"167","fazkaz",4,0,0,"level 2"
"171","forevervision",5,0,0,"level 2"
"172","fox26666",6,0,0,"level 2"
"175","gighellone",3,0,0,"level 2"
"178","golho",3,0,0,"level 2"
"179","googol100",3,0,0,"level 2"
"182","grsa",4,0,0,"level 2"
"186","hayati",3,0,0,"level 2"
"196","imlimbad",3,0,0,"level 2"
"206","italiantranslator",8,0,0,"level 2"
"212","jamila1234",4,0,0,"level 2"
"214","jdundore",3,0,0,"level 2"
"219","jjlg3531",3,0,0,"level 2"
"220","jjlopez",4,0,0,"level 2"
"222","joe-brown",3,0,0,"level 2"
"223","joelitrox1234",9,0,0,"level 2"
"229","josephelbouhessaini",10,0,0,"level 2"
"232","juanca_22",3,0,0,"level 2"
"238","justindong",6,0,0,"level 2"
"246","killerbrecht",3,0,0,"level 2"
"247","kim2017",3,0,0,"level 2"
"249","kingcrazy99",4,0,0,"level 2"
"253","knightbot",4,0,0,"level 2"
"257","krissy33",3,0,0,"level 2"
"261","lady_anna",3,0,0,"level 2"
"271","loris04",4,0,0,"level 2"
"276","magnus_dong",3,0,0,"level 2"
"283","martan1208",3,0,0,"level 2"
"285","mashi",3,0,0,"level 2"
"286","masonpafun",5,0,0,"level 2"
"289","mathmagician",3,0,0,"level 2"
"290","matty_sweetnuts",4,0,0,"level 2"
"300","mimik29",3,0,0,"level 2"
"305","mishkajap",5,0,0,"level 2"
"309","mrmandelbrot",6,0,0,"level 2"
"312","nash300",4,0,0,"level 2"
"315","nemanjanjanja",3,0,0,"level 2"
"319","nileshsar",3,0,0,"level 2"
"329","paddy1992",10,0,0,"level 2"
"331","pageprotector",3,0,0,"level 2"
"336","pavan_iitg",3,0,0,"level 2"
"339","phileasfrog",4,0,0,"level 2"
"341","pietaritamminen",3,0,0,"level 2"
"343","piranava",4,0,0,"level 2"
"347","pooperic",5,0,0,"level 2"
"348","pouulodia",3,0,0,"level 2"
"350","pouyandp",3,0,0,"level 2"
"353","quickben16",3,0,0,"level 2"
"355","rajupsn",3,0,0,"level 2"
"358","redevening",4,0,0,"level 2"
"360","responsible_peach",3,0,0,"level 2"
"361","retep552",3,0,0,"level 2"
"372","ronyxt",3,0,0,"level 2"
"380","schoonied",20,0,0,"level 2"
"387","shahen07",3,0,0,"level 2"
"391","simplymaster",4,0,0,"level 2"
"394","snapper",4,0,0,"level 2"
"397","soheil0",3,0,0,"level 2"
"400","spikyturtle",3,0,0,"level 2"
"401","stevenemily",3,0,0,"level 2"
"402","stevepb",3,0,0,"level 2"
"403","stitch_13",3,0,0,"level 2"
"407","supersapien55",5,0,0,"level 2"
"408","swordswiper",3,0,0,"level 2"
"411","tactical_bishop",10,0,0,"level 2"
"412","tahastanly",3,0,0,"level 2"
"431","tomo1997",12,0,0,"level 2"
"434","toshiro2016",3,0,0,"level 2"
"438","triniboi",3,0,0,"level 2"
"443","unantha",3,0,0,"level 2"
"444","urnoobatchess",3,0,0,"level 2"
"453","vkmansftw",11,0,0,"level 2"
"459","whatnext",4,0,0,"level 2"
"465","wolf1108",4,0,0,"level 2"
"466","wolfdomination",3,0,0,"level 2"
"470","yash26",3,0,0,"level 2"
"474","yugesh_naidu",4,0,0,"level 2"
"475","zaeemalam",3,0,0,"level 2"
"478","zovar",3,0,0,"level 2"
"3101","a_th-19",3,3,1,"level 3"
"485","abaraba",6,6,1,"level 3"
"1011","ahmadirr",3,3,1,"level 3"
"1511","aka121",3,3,1,"level 3"
"1911","aleph00",5,5,1,"level 3"
"2211","alexmalando",7,7,1,"level 3"
"2511","alkun57",3,3,1,"level 3"
"3011","amira12",3,3,1,"level 3"
"3811","antonios",4,4,1,"level 3"
"4111","apis11",5,5,1,"level 3"
"4611","armourbuddy",4,4,1,"level 3"
"512","atarasenko",4,4,1,"level 3"
"582","b2g4gotu",11,11,1,"level 3"
"711","binoxmen",4,4,1,"level 3"
"791","ca-va-lier",4,4,1,"level 3"
"811","caernarfon",5,5,1,"level 3"
"841","cantona85",4,4,1,"level 3"
"861","carrotop",4,4,1,"level 3"
"871","cdvh",11,11,1,"level 3"
"951","chuckrh",3,3,1,"level 3"
"961","cilentano002",4,4,1,"level 3"
"1071","cullarvega",3,3,1,"level 3"
"1191","dinnei",3,3,1,"level 3"
"1451","fabian1104",3,3,1,"level 3"
"1571","freeed0m_j",5,5,1,"level 3"
"1631","gdf1981",3,3,1,"level 3"
"1641","gelus",3,3,1,"level 3"
"1671","gid",3,3,1,"level 3"
"1731","guestpadawan",3,3,1,"level 3"
"1831","honza7",5,5,1,"level 3"
"1951","ilija777",3,3,1,"level 3"
"1961","ilkerk",4,4,1,"level 3"
"1991","isaac1111",3,3,1,"level 3"
"2011","ivan_franko",4,4,1,"level 3"
"2021","izaulima",3,3,1,"level 3"
"2041","janfrode",3,3,1,"level 3"
"2201","josevilar",5,5,1,"level 3"
"2212","jpadron19",4,4,1,"level 3"
"2281","kang-heri",3,3,1,"level 3"
"2291","kaoruko",3,3,1,"level 3"
"2471","laode_syahril",4,4,1,"level 3"
"2512","lcf64",4,4,1,"level 3"
"2561","lichessfiend",9,9,1,"level 3"
"2631","mabrown86",3,3,1,"level 3"
"2711","martbryde",4,4,1,"level 3"
"2731","mastermax19",3,3,1,"level 3"
"2791","menelaos1997",3,3,1,"level 3"
"2801","meroxa",5,5,1,"level 3"
"2861","microcommega",3,3,1,"level 3"
"2941","monged01",3,3,1,"level 3"
"3012","mrzoom47",15,15,1,"level 3"
"3031","mucizeci",4,4,1,"level 3"
"3081","naoufel",5,5,1,"level 3"
"3151","nightofblacksnow",3,3,1,"level 3"
"3241","oldone69",3,3,1,"level 3"
"3271","onlysully",3,3,1,"level 3"
"3361","per1966",4,4,1,"level 3"
"3391","physicist1993",3,3,1,"level 3"
"3421","potshot",7,7,1,"level 3"
"3431","prochesstination",3,3,1,"level 3"
"3441","rabbit199",3,3,1,"level 3"
"3541","rusoleg1",4,4,1,"level 3"
"3551","ruysicilianlopez",3,3,1,"level 3"
"3561","s-a",3,3,1,"level 3"
"3771","sergipechess",3,3,1,"level 3"
"3821","shepmd",3,3,1,"level 3"
"3831","shieldandsword88",4,4,1,"level 3"
"3871","simon_kevin",3,3,1,"level 3"
"3881","simple-player",4,4,1,"level 3"
"4101","sugarmike",3,3,1,"level 3"
"4131","swaltersson",3,3,1,"level 3"
"4161","tandemchess",6,6,1,"level 3"
"4191","thatguythatistr",3,3,1,"level 3"
"4241","thor92",3,3,1,"level 3"
"4261","tiaoabdo",3,3,1,"level 3"
"4281","tonin1",3,3,1,"level 3"
"4321","triskorg",5,5,1,"level 3"
"4341","trouty1997",6,6,1,"level 3"
"4371","twipply",6,6,1,"level 3"
"4381","ucantcmeok",3,3,1,"level 3"
"4421","vahehabram",3,3,1,"level 3"
"4441","vanduongkhach",3,3,1,"level 3"
"4551","vitaminex",6,6,1,"level 3"
"4612","widja",3,3,1,"level 3"
"4721","yellow_dragon",5,5,1,"level 3"
"4791","zilzalon",3,3,1,"level 3"
"2781","meme_master",13,12,0.923076923076923,"level 3"
"2951","motion",11,10,0.909090909090909,"level 3"
"2431","krishchennai93",8,7,0.875,"level 3"
"3631","saitama_opm",8,7,0.875,"level 3"
"1041","cro_chess_fan",7,6,0.857142857142857,"level 3"
"1521","flafel26",7,6,0.857142857142857,"level 3"
"1691","great-mate-super-gre",14,12,0.857142857142857,"level 3"
"4171","tanjerry",7,6,0.857142857142857,"level 3"
"1221","dkattir",19,16,0.842105263157895,"level 3"
"572","b-max211",6,5,0.833333333333333,"level 3"
"2071","jara_h",6,5,0.833333333333333,"level 3"
"2811","mesagh_ir",6,5,0.833333333333333,"level 3"
"3741","seciyeli",6,5,0.833333333333333,"level 3"
"2241","juncinmestrella",16,13,0.8125,"level 3"
"3411","amsou",5,4,0.8,"level 3"
"1441","ezatfoda",5,4,0.8,"level 3"
"2571","likechesss",5,4,0.8,"level 3"
"2581","lionnessebim1",5,4,0.8,"level 3"
"3961","sneaky_bugger",10,8,0.8,"level 3"
"4141","t3v3a3d",5,4,0.8,"level 3"
"4271","toni4127",10,8,0.8,"level 3"
"4771","zher0",17,13,0.764705882352941,"level 3"
"812","adhen",4,3,0.75,"level 3"
"1611","akmar",4,3,0.75,"level 3"
"2712","alwayscheckmated",4,3,0.75,"level 3"
"4011","apalin",4,3,0.75,"level 3"
"602","back_space",4,3,0.75,"level 3"
"1141","deadintheend",4,3,0.75,"level 3"
"1151","denisgodunov",4,3,0.75,"level 3"
"1431","exoprimal",4,3,0.75,"level 3"
"2091","javed-8168",4,3,0.75,"level 3"
"2131","jeandossantos",4,3,0.75,"level 3"
"2381","kingsmagician",4,3,0.75,"level 3"
"2441","kvs",4,3,0.75,"level 3"
"2461","lanas2007",4,3,0.75,"level 3"
"2771","mehdi271",4,3,0.75,"level 3"
"2821","mhamed_basti",4,3,0.75,"level 3"
"2831","michael_hackett",4,3,0.75,"level 3"
"3001","mrunank",4,3,0.75,"level 3"
"3111","networkchess2",8,6,0.75,"level 3"
"3141","nico1990",4,3,0.75,"level 3"
"3331","pat222",4,3,0.75,"level 3"
"3401","pilki",8,6,0.75,"level 3"
"3651","sammybag101",4,3,0.75,"level 3"
"3791","shahidhuss",4,3,0.75,"level 3"
"3941","smartduckduckcow",12,9,0.75,"level 3"
"3991","sorethea",4,3,0.75,"level 3"
"4001","soric",4,3,0.75,"level 3"
"4401","ur2ez4me",4,3,0.75,"level 3"
"4411","v_clava38",4,3,0.75,"level 3"
"4531","vinhasale",4,3,0.75,"level 3"
"4641","wqf7",4,3,0.75,"level 3"
"3291","pal2310",11,8,0.727272727272727,"level 3"
"4391","unrim",11,8,0.727272727272727,"level 3"
"1101","1240100948",7,5,0.714285714285714,"level 3"
"1931","icecreamdealer",14,10,0.714285714285714,"level 3"
"2871","mika2012",7,5,0.714285714285714,"level 3"
"3161","nikitosspb",7,5,0.714285714285714,"level 3"
"3661","samoo1477",7,5,0.714285714285714,"level 3"
"4211","thebasicgru",7,5,0.714285714285714,"level 3"
"513","aboud",6,4,0.666666666666667,"level 3"
"712","adatene",3,2,0.666666666666667,"level 3"
"1811","aldaarqt",3,2,0.666666666666667,"level 3"
"2911","amadofranco2016",3,2,0.666666666666667,"level 3"
"3711","anonyaus123456789",3,2,0.666666666666667,"level 3"
"4212","arda0000000",3,2,0.666666666666667,"level 3"
"4511","arishikesh",3,2,0.666666666666667,"level 3"
"542","aynurr08",3,2,0.666666666666667,"level 3"
"592","babbage",3,2,0.666666666666667,"level 3"
"701","bestgame",3,2,0.666666666666667,"level 3"
"721","binthaily",3,2,0.666666666666667,"level 3"
"881","checkmate3141",3,2,0.666666666666667,"level 3"
"901","chess-player001",3,2,0.666666666666667,"level 3"
"1001","country47it",3,2,0.666666666666667,"level 3"
"1102","cv1a",3,2,0.666666666666667,"level 3"
"1231","dkazankov",3,2,0.666666666666667,"level 3"
"1271","doom12384",6,4,0.666666666666667,"level 3"
"1281","dpoty",3,2,0.666666666666667,"level 3"
"1461","fd25",3,2,0.666666666666667,"level 3"
"1481","fikr",3,2,0.666666666666667,"level 3"
"1531","fortuna01",3,2,0.666666666666667,"level 3"
"1561","freechaser",3,2,0.666666666666667,"level 3"
"1621","gatan5",3,2,0.666666666666667,"level 3"
"1721","grigoriy-66",3,2,0.666666666666667,"level 3"
"1861","hunbee",3,2,0.666666666666667,"level 3"
"1901","huskygaze3",3,2,0.666666666666667,"level 3"
"1921","ibraimo",3,2,0.666666666666667,"level 3"
"2031","jabsona",3,2,0.666666666666667,"level 3"
"2051","janko111",3,2,0.666666666666667,"level 3"
"2191","jorgeluis08",3,2,0.666666666666667,"level 3"
"2361","killerbromean",3,2,0.666666666666667,"level 3"
"2371","kingslayer92",6,4,0.666666666666667,"level 3"
"2391","koljan",3,2,0.666666666666667,"level 3"
"2451","lahayejose012",3,2,0.666666666666667,"level 3"
"2501","lawrenman",6,4,0.666666666666667,"level 3"
"2531","leonard80",3,2,0.666666666666667,"level 3"
"2551","liamxddd",6,4,0.666666666666667,"level 3"
"2611","ls",3,2,0.666666666666667,"level 3"
"2641","magnata2016",3,2,0.666666666666667,"level 3"
"2671","majorwarren",6,4,0.666666666666667,"level 3"
"2912","mohammad9182",3,2,0.666666666666667,"level 3"
"2921","momas",3,2,0.666666666666667,"level 3"
"3102","navid777",3,2,0.666666666666667,"level 3"
"3131","nicimacar",3,2,0.666666666666667,"level 3"
"3211","odxaan",3,2,0.666666666666667,"level 3"
"3251","oleg-tsebro",3,2,0.666666666666667,"level 3"
"3471","raxis",3,2,0.666666666666667,"level 3"
"3491","regato",3,2,0.666666666666667,"level 3"
"3581","sabr1998",3,2,0.666666666666667,"level 3"
"3611","safin_241",3,2,0.666666666666667,"level 3"
"3671","sansavoirvecu",3,2,0.666666666666667,"level 3"
"3781","shadytoffeebackup",3,2,0.666666666666667,"level 3"
"3911","skchess",3,2,0.666666666666667,"level 3"
"3921","sktfaker",3,2,0.666666666666667,"level 3"
"3951","smileyface1236",3,2,0.666666666666667,"level 3"
"4012","sosnovsky",3,2,0.666666666666667,"level 3"
"4021","spinola01",3,2,0.666666666666667,"level 3"
"4051","ssf7",3,2,0.666666666666667,"level 3"
"4061","stefanmasch",3,2,0.666666666666667,"level 3"
"4081","stve400231",3,2,0.666666666666667,"level 3"
"4121","supermik",3,2,0.666666666666667,"level 3"
"4201","thebadfish",12,8,0.666666666666667,"level 3"
"4431","valeriy56",3,2,0.666666666666667,"level 3"
"4471","vasia1",3,2,0.666666666666667,"level 3"
"4481","vaxxx84",3,2,0.666666666666667,"level 3"
"4651","xerxes123",3,2,0.666666666666667,"level 3"
"4671","xxvn",3,2,0.666666666666667,"level 3"
"4731","yuredouglas",9,6,0.666666666666667,"level 3"
"3041","mukrisp",16,10,0.625,"level 3"
"482","zsisk22",8,5,0.625,"level 3"
"2311","alfredgjoncari",5,3,0.6,"level 3"
"931","chessnbreasts",5,3,0.6,"level 3"
"981","clash_royale",5,3,0.6,"level 3"
"1351","eightx8",5,3,0.6,"level 3"
"1541","fourtwenty",5,3,0.6,"level 3"
"1701","greenpeace48",5,3,0.6,"level 3"
"1761","hackov",5,3,0.6,"level 3"
"2991","mrphaseolusvulgaris",5,3,0.6,"level 3"
"3231","oguzkagangurer",5,3,0.6,"level 3"
"3801","shakailham",5,3,0.6,"level 3"
"4571","vladimir-kramnik-1",10,6,0.6,"level 3"
"4601","webkin",5,3,0.6,"level 3"
"2651","mahmoud_safyan",22,13,0.590909090909091,"level 3"
"1311","ducksandcats",29,17,0.586206896551724,"level 3"
"1501","fistiko",12,7,0.583333333333333,"level 3"
"2601","loukas435",12,7,0.583333333333333,"level 3"
"1581","frozen8413",7,4,0.571428571428571,"level 3"
"4761","zhaska",9,5,0.555555555555556,"level 3"
"1051","crraii",29,16,0.551724137931034,"level 3"
"486","artem555",22,12,0.545454545454545,"level 3"
"1312","aimzzz",4,2,0.5,"level 3"
"492","artesano08",4,2,0.5,"level 3"
"641","behrooz36tehran",4,2,0.5,"level 3"
"761","brasid",4,2,0.5,"level 3"
"891","chess_pro_107",4,2,0.5,"level 3"
"911","chesslearningpro",16,8,0.5,"level 3"
"1091","custommods",4,2,0.5,"level 3"
"1171","die_uhr",14,7,0.5,"level 3"
"1201","divu7",4,2,0.5,"level 3"
"1261","docboss",6,3,0.5,"level 3"
"1291","dsom1234",4,2,0.5,"level 3"
"1371","elijahreese",4,2,0.5,"level 3"
"1681","gjdgjdfj",10,5,0.5,"level 3"
"1941","ihsan2424",4,2,0.5,"level 3"
"1981","irispseudonym",8,4,0.5,"level 3"
"2001","isachess",4,2,0.5,"level 3"
"2121","jdbarger",8,4,0.5,"level 3"
"2221","juanma206",6,3,0.5,"level 3"
"2401","konstantindn",4,2,0.5,"level 3"
"2421","kostastop1526",4,2,0.5,"level 3"
"2761","mburch1974",4,2,0.5,"level 3"
"2891","mobin1388",8,4,0.5,"level 3"
"2971","mr_pablo",4,2,0.5,"level 3"
"2981","mra_py",4,2,0.5,"level 3"
"3121","niagrad",4,2,0.5,"level 3"
"3301","palladio",4,2,0.5,"level 3"
"3351","paulorojas",24,12,0.5,"level 3"
"3412","popabear",4,2,0.5,"level 3"
"3511","reza-kondazi",4,2,0.5,"level 3"
"3641","saladrocket",4,2,0.5,"level 3"
"3681","sarthakmanna",8,4,0.5,"level 3"
"3851","siinaa",4,2,0.5,"level 3"
"3891","sinasepehr",4,2,0.5,"level 3"
"3931","slon-al",4,2,0.5,"level 3"
"4071","striker123",8,4,0.5,"level 3"
"4091","sudebala",4,2,0.5,"level 3"
"4301","totonut",10,5,0.5,"level 3"
"4451","vanirof",6,3,0.5,"level 3"
"4681","y_d",4,2,0.5,"level 3"
"480","zixi52",4,2,0.5,"level 3"
"1491","fischerdipper",23,11,0.478260869565217,"level 3"
"731","blazingdragon",11,5,0.454545454545455,"level 3"
"1012","cracking12345",9,4,0.444444444444444,"level 3"
"3901","sjeiben",9,4,0.444444444444444,"level 3"
"4311","trashmaster",9,4,0.444444444444444,"level 3"
"4541","vinxitv",9,4,0.444444444444444,"level 3"
"3311","ammanian",14,6,0.428571428571429,"level 3"
"751","bontakriks",7,3,0.428571428571429,"level 3"
"2691","marik1914",7,3,0.428571428571429,"level 3"
"3531","rubikstein",7,3,0.428571428571429,"level 3"
"3612","anastasia2009",12,5,0.416666666666667,"level 3"
"3721","saviter",34,14,0.411764705882353,"level 3"
"661","bekzodjon",10,4,0.4,"level 3"
"671","benedictine",5,2,0.4,"level 3"
"1021","crax_is_bax",5,2,0.4,"level 3"
"2301","karmaboanil",5,2,0.4,"level 3"
"3812","sharkey101",5,2,0.4,"level 3"
"4501","victorbrz",10,4,0.4,"level 3"
"3371","peterqiu",8,3,0.375,"level 3"
"3512","anakgreget",22,8,0.363636363636364,"level 3"
"3621","sagansaxo",11,4,0.363636363636364,"level 3"
"481","zoro94",14,5,0.357142857142857,"level 3"
"612","achikotetunashvili",3,1,0.333333333333333,"level 3"
"912","aga41_mail-ru",3,1,0.333333333333333,"level 3"
"1711","albertocdj",3,1,0.333333333333333,"level 3"
"2612","alpay",3,1,0.333333333333333,"level 3"
"3112","amirhossein2014",3,1,0.333333333333333,"level 3"
"3212","amithchess",3,1,0.333333333333333,"level 3"
"4711","arrchess",3,1,0.333333333333333,"level 3"
"562","azizhoca",3,1,0.333333333333333,"level 3"
"631","basakcesur",3,1,0.333333333333333,"level 3"
"651","beka66",3,1,0.333333333333333,"level 3"
"771","brko61",3,1,0.333333333333333,"level 3"
"851","capablanca93",3,1,0.333333333333333,"level 3"
"921","chessmolester",3,1,0.333333333333333,"level 3"
"1081","curry117",3,1,0.333333333333333,"level 3"
"1211","djlambton",3,1,0.333333333333333,"level 3"
"1251","dnowchess",3,1,0.333333333333333,"level 3"
"1331","ebrish",3,1,0.333333333333333,"level 3"
"1361","eldiablo5",3,1,0.333333333333333,"level 3"
"1512","fl0yd",3,1,0.333333333333333,"level 3"
"1591","fsv",3,1,0.333333333333333,"level 3"
"1741","gunsti",3,1,0.333333333333333,"level 3"
"1781","hannibal66",3,1,0.333333333333333,"level 3"
"1812","hightwaytohell",3,1,0.333333333333333,"level 3"
"1871","hungcuong",3,1,0.333333333333333,"level 3"
"1881","hunnyman",3,1,0.333333333333333,"level 3"
"1971","ilyadjscjd",3,1,0.333333333333333,"level 3"
"2061","japcan",3,1,0.333333333333333,"level 3"
"2151","jg2017",9,3,0.333333333333333,"level 3"
"2161","jhonwalter",3,1,0.333333333333333,"level 3"
"2171","joe65",3,1,0.333333333333333,"level 3"
"2271","kam49",3,1,0.333333333333333,"level 3"
"2312","katerina1965",3,1,0.333333333333333,"level 3"
"2341","kevchod",3,1,0.333333333333333,"level 3"
"2481","larodash2013",3,1,0.333333333333333,"level 3"
"2661","mailsupriya",3,1,0.333333333333333,"level 3"
"2881","mikan25b",3,1,0.333333333333333,"level 3"
"3071","nadir123",3,1,0.333333333333333,"level 3"
"3201","oamora",3,1,0.333333333333333,"level 3"
"3312","pankr",3,1,0.333333333333333,"level 3"
"3321","papa10",3,1,0.333333333333333,"level 3"
"3381","phriidbst",3,1,0.333333333333333,"level 3"
"3501","renelara",3,1,0.333333333333333,"level 3"
"3571","s7serg",3,1,0.333333333333333,"level 3"
"3591","sadlittleturtle",9,3,0.333333333333333,"level 3"
"3712","savasmarecelyap",3,1,0.333333333333333,"level 3"
"4291","tossinov",3,1,0.333333333333333,"level 3"
"4331","trois0",3,1,0.333333333333333,"level 3"
"4351","ttbabb",3,1,0.333333333333333,"level 3"
"4521","vineetg101",3,1,0.333333333333333,"level 3"
"4581","vladimirzozulya1500",6,2,0.333333333333333,"level 3"
"4691","yakov123",3,1,0.333333333333333,"level 3"
"4701","yarbis",3,1,0.333333333333333,"level 3"
"4781","zhilenkov",3,1,0.333333333333333,"level 3"
"1121","darobertson",13,4,0.307692307692308,"level 3"
"1401","eraldii",7,2,0.285714285714286,"level 3"
"4512","victress",7,2,0.285714285714286,"level 3"
"4591","wall-of-shields",7,2,0.285714285714286,"level 3"
"2101","2700172",11,3,0.272727272727273,"level 3"
"1411","ajps17",4,1,0.25,"level 3"
"2012","alex_anaua",4,1,0.25,"level 3"
"2111","alexanderar1977",4,1,0.25,"level 3"
"2411","alfredo17",4,1,0.25,"level 3"
"502","ashishbarda",4,1,0.25,"level 3"
"532","ayman78",4,1,0.25,"level 3"
"681","benuard",4,1,0.25,"level 3"
"1301","duckduckcow",8,2,0.25,"level 3"
"1381","elvispy65",4,1,0.25,"level 3"
"1651","generationx",4,1,0.25,"level 3"
"1712","greybeard23",4,1,0.25,"level 3"
"1791","hansdampf",4,1,0.25,"level 3"
"2112","jbosch",4,1,0.25,"level 3"
"2181","jomax100",4,1,0.25,"level 3"
"2261","kaji_djagal",4,1,0.25,"level 3"
"2331","kerilka",8,2,0.25,"level 3"
"2491","laughingman22",4,1,0.25,"level 3"
"2681","mansoor_k11",4,1,0.25,"level 3"
"3061","mvl9000",4,1,0.25,"level 3"
"3091","napoleon22",4,1,0.25,"level 3"
"3601","saeed65",4,1,0.25,"level 3"
"3751","selami011235",4,1,0.25,"level 3"
"4221","thegreatman06",4,1,0.25,"level 3"
"4231","thehutchtouch",4,1,0.25,"level 3"
"4661","xinos",4,1,0.25,"level 3"
"4741","yyo",4,1,0.25,"level 3"
"1111","dahabi",9,2,0.222222222222222,"level 3"
"552","az_99",5,1,0.2,"level 3"
"622","baranornarli",5,1,0.2,"level 3"
"1181","dimitris22",5,1,0.2,"level 3"
"2412","koryakinrus",5,1,0.2,"level 3"
"2701","mariobb",5,1,0.2,"level 3"
"2741","mastersalomon",10,2,0.2,"level 3"
"2931","monah11",5,1,0.2,"level 3"
"3191","o-king-o",5,1,0.2,"level 3"
"3221","ogeldi",5,1,0.2,"level 3"
"3521","rtcxks",5,1,0.2,"level 3"
"4461","vares",10,2,0.2,"level 3"
"1161","derspiegel",16,3,0.1875,"level 3"
"3912","antons",12,2,0.166666666666667,"level 3"
"3181","nullbyte",6,1,0.166666666666667,"level 3"
"3841","shoshonte",6,1,0.166666666666667,"level 3"
"4712","yazeed_bani_saleem",6,1,0.166666666666667,"level 3"
"4491","vchess4",8,1,0.125,"level 3"
"2721","masquerade",10,1,0.1,"level 3"
"3971","solidchess_hehe",30,3,0.1,"level 3"
"2102","javi_r",12,1,0.0833333333333333,"level 3"
"1912","ianremsen",18,1,0.0555555555555556,"level 3"
"1112","ahmetrasay",3,0,0,"level 3"
"1212","aidenleahycrooks",4,0,0,"level 3"
"2812","alwi",4,0,0,"level 3"
"4312","arda2828",9,0,0,"level 3"
"4412","aridaybordon",6,0,0,"level 3"
"522","axela",3,0,0,"level 3"
"613","balash",4,0,0,"level 3"
"691","berkaybahadr",3,0,0,"level 3"
"741","bobbytal",4,0,0,"level 3"
"781","brunozaurus",3,0,0,"level 3"
"801","cachocarpi",3,0,0,"level 3"
"821","cakmakfevzi2012",4,0,0,"level 3"
"831","campionesv",4,0,0,"level 3"
"941","chevere17",4,0,0,"level 3"
"971","claner",3,0,0,"level 3"
"991","cosqun588",3,0,0,"level 3"
"1031","cris36",6,0,0,"level 3"
"1061","cuazar",3,0,0,"level 3"
"1131","dboenn",3,0,0,"level 3"
"1241","dlermahuy",3,0,0,"level 3"
"1321","easydoor",4,0,0,"level 3"
"1341","ed84",6,0,0,"level 3"
"1391","emis2004",3,0,0,"level 3"
"1412","ericksn",5,0,0,"level 3"
"1421","evolutionrus",4,0,0,"level 3"
"1471","feykinecevapalanadam",3,0,0,"level 3"
"1551","franckonjar",3,0,0,"level 3"
"1601","gambitsforlife",3,0,0,"level 3"
"1612","gasdvbn",4,0,0,"level 3"
"1661","ggcarmelo",3,0,0,"level 3"
"1751","gustavious",3,0,0,"level 3"
"1771","hakanclkrs",3,0,0,"level 3"
"1801","hercule-poivrot",3,0,0,"level 3"
"1821","hisokaxhunter",6,0,0,"level 3"
"1841","howdoichess96",10,0,0,"level 3"
"1851","humb",3,0,0,"level 3"
"1891","huntermind",4,0,0,"level 3"
"2081","jarkon",3,0,0,"level 3"
"2141","jfroysa",3,0,0,"level 3"
"2231","juansnow",5,0,0,"level 3"
"2251","justinlew99",3,0,0,"level 3"
"2321","kaushik007",3,0,0,"level 3"
"2351","kiasar",3,0,0,"level 3"
"2521","leoilan",3,0,0,"level 3"
"2541","leps000",4,0,0,"level 3"
"2591","livia_dq1",4,0,0,"level 3"
"2621","lukarpov",17,0,0,"level 3"
"2751","maumau62",3,0,0,"level 3"
"2841","michaelfield",3,0,0,"level 3"
"2851","michal007",3,0,0,"level 3"
"2901","mohahakel",3,0,0,"level 3"
"2961","mouhieddine",5,0,0,"level 3"
"3021","msexeter",3,0,0,"level 3"
"3051","mussomarco",3,0,0,"level 3"
"3171","not-cheating",4,0,0,"level 3"
"3261","omid163",4,0,0,"level 3"
"3281","pablopereyra",4,0,0,"level 3"
"3341","pauld",3,0,0,"level 3"
"3451","ramin741",5,0,0,"level 3"
"3461","ramonsantana44",3,0,0,"level 3"
"3481","regaguay",3,0,0,"level 3"
"3691","sasha046",3,0,0,"level 3"
"3701","satanrogue99",4,0,0,"level 3"
"3731","seba71974",3,0,0,"level 3"
"3761","sergiokumic",5,0,0,"level 3"
"3861","siltru28",3,0,0,"level 3"
"3981","solidity_1",3,0,0,"level 3"
"4031","srinathpads",4,0,0,"level 3"
"4041","srki_kv",3,0,0,"level 3"
"4112","sunwatair57",3,0,0,"level 3"
"4151","talal70",3,0,0,"level 3"
"4181","tennae",3,0,0,"level 3"
"4251","thorfabian",4,0,0,"level 3"
"4361","turkchessboy123",3,0,0,"level 3"
"4561","vlada555",3,0,0,"level 3"
"4621","wikiplayschess",7,0,0,"level 3"
"4631","wilfree",3,0,0,"level 3"
"4751","zeljko54",3,0,0,"level 3"
"3103","allwind",4,4,1,"level 4"
"1313","berder",3,3,1,"level 4"
"2113","cadaca1",4,4,1,"level 4"
"2213","camelclutcher",5,5,1,"level 4"
"2713","chesscarl",6,6,1,"level 4"
"3113","chesswithmom",20,20,1,"level 4"
"3213","christina-a-11",4,4,1,"level 4"
"4513","emiliooo",3,3,1,"level 4"
"533","fmshawnrl123",3,3,1,"level 4"
"614","hknight_chess",4,4,1,"level 4"
"652","izzlanfarischess",3,3,1,"level 4"
"682","karlaugust",3,3,1,"level 4"
"732","kingscrusher-youtube",5,5,1,"level 4"
"862","martineden11",3,3,1,"level 4"
"892","mauornelas",5,5,1,"level 4"
"913","maxwell_can",3,3,1,"level 4"
"952","mmichael",3,3,1,"level 4"
"1032","narges123",5,5,1,"level 4"
"1132","petarbosnjak",4,4,1,"level 4"
"1162","raman1",3,3,1,"level 4"
"1182","rb52",3,3,1,"level 4"
"1222","riverside_monkey",3,3,1,"level 4"
"1252","runcrazex",4,4,1,"level 4"
"1262","sailor7",4,4,1,"level 4"
"1272","sansthecomic",3,3,1,"level 4"
"1314","siindbad",6,6,1,"level 4"
"1332","smilsydov",5,5,1,"level 4"
"1362","sorin_256",3,3,1,"level 4"
"1552","urizk",3,3,1,"level 4"
"1613","wilinski_28",3,3,1,"level 4"
"1642","yonaltimur",3,3,1,"level 4"
"1652","youngmoney2299",3,3,1,"level 4"
"1662","yura1204",3,3,1,"level 4"
"1672","zugaddict",3,3,1,"level 4"
"3813","doraemon61",27,26,0.962962962962963,"level 4"
"813","lzchips",26,24,0.923076923076923,"level 4"
"563","gqueen",9,8,0.888888888888889,"level 4"
"487","amayak",8,7,0.875,"level 4"
"713","anejbegunje",6,5,0.833333333333333,"level 4"
"553","gmanderson",6,5,0.833333333333333,"level 4"
"772","lebeast101",6,5,0.833333333333333,"level 4"
"814","aqwert",5,4,0.8,"level 4"
"1713","boberarena",5,4,0.8,"level 4"
"792","lifeandstuff",5,4,0.8,"level 4"
"842","mandre",5,4,0.8,"level 4"
"1213","ridics",5,4,0.8,"level 4"
"1282","sazed",5,4,0.8,"level 4"
"1322","singyoursong42",5,4,0.8,"level 4"
"722","kilgour22",4,3,0.75,"level 4"
"1103","oggy04",4,3,0.75,"level 4"
"1172","ranko898",4,3,0.75,"level 4"
"1242","rps_1899",4,3,0.75,"level 4"
"1492","traced",8,6,0.75,"level 4"
"752","laode_syahril",14,10,0.714285714285714,"level 4"
"1152","raesremmurd",7,5,0.714285714285714,"level 4"
"1532","unicornz",7,5,0.714285714285714,"level 4"
"1913","bosspotato",10,7,0.7,"level 4"
"1472","tori92",20,14,0.7,"level 4"
"514","anand888",3,2,0.666666666666667,"level 4"
"1513","bishopson",3,2,0.666666666666667,"level 4"
"2313","cessanz06",3,2,0.666666666666667,"level 4"
"3313","cjajr",3,2,0.666666666666667,"level 4"
"3613","danny77",9,6,0.666666666666667,"level 4"
"3713","diskotka",3,2,0.666666666666667,"level 4"
"4013","dsom1234",3,2,0.666666666666667,"level 4"
"4313","eie24",3,2,0.666666666666667,"level 4"
"4413","elvis1997",6,4,0.666666666666667,"level 4"
"493","fantasticthinking",3,2,0.666666666666667,"level 4"
"503","federermagic01",3,2,0.666666666666667,"level 4"
"632","indro4378",3,2,0.666666666666667,"level 4"
"762","larden",3,2,0.666666666666667,"level 4"
"782","lichessfiend",3,2,0.666666666666667,"level 4"
"802","lonliness",3,2,0.666666666666667,"level 4"
"852","mardavij1",3,2,0.666666666666667,"level 4"
"882","mate96",3,2,0.666666666666667,"level 4"
"942","miroslav1948",3,2,0.666666666666667,"level 4"
"1092","odxaan",3,2,0.666666666666667,"level 4"
"1142","radiomaryjak",3,2,0.666666666666667,"level 4"
"1202","revhas",3,2,0.666666666666667,"level 4"
"1342","smm1347",3,2,0.666666666666667,"level 4"
"1452","tomsawyer2112",3,2,0.666666666666667,"level 4"
"1582","vevo57",3,2,0.666666666666667,"level 4"
"3913","drmoeller",5,3,0.6,"level 4"
"515","felipe_freires",5,3,0.6,"level 4"
"1042","nesa10",5,3,0.6,"level 4"
"1592","waltersafarian",5,3,0.6,"level 4"
"902","maximillian_08",14,8,0.571428571428571,"level 4"
"982","moistvonlipwig",14,8,0.571428571428571,"level 4"
"1122","pavelsps",9,5,0.555555555555556,"level 4"
"2613","chessbuzz17",6,3,0.5,"level 4"
"3513","cuxhaven",6,3,0.5,"level 4"
"4113","e6d4",14,7,0.5,"level 4"
"692","kferapont",10,5,0.5,"level 4"
"1082","oceanicharvest",10,5,0.5,"level 4"
"1402","superhero098",32,16,0.5,"level 4"
"1482","total_chess",4,2,0.5,"level 4"
"2413","chess-brahs",62,30,0.483870967741935,"level 4"
"642","itsmagic",7,3,0.428571428571429,"level 4"
"872","mastersalomon",21,9,0.428571428571429,"level 4"
"1422","thebadfish",33,14,0.424242424242424,"level 4"
"2513","chessbro47",5,2,0.4,"level 4"
"1022","mysterious_expert",5,2,0.4,"level 4"
"1542","unrim",5,2,0.4,"level 4"
"2103","ahmad909",3,1,0.333333333333333,"level 4"
"914","artykom",3,1,0.333333333333333,"level 4"
"2813","chessmageddon",9,3,0.333333333333333,"level 4"
"4213","edwmpg",3,1,0.333333333333333,"level 4"
"523","fisheraitak",3,1,0.333333333333333,"level 4"
"922","milancuruvija",3,1,0.333333333333333,"level 4"
"932","mindworm",3,1,0.333333333333333,"level 4"
"1002","morteza0088996655",3,1,0.333333333333333,"level 4"
"1072","nulozechecs",6,2,0.333333333333333,"level 4"
"1292","sergeypolozhiev",6,2,0.333333333333333,"level 4"
"1382","st2orm",3,1,0.333333333333333,"level 4"
"1392","stirlits",3,1,0.333333333333333,"level 4"
"1432","thorium232",3,1,0.333333333333333,"level 4"
"1462","tops123",3,1,0.333333333333333,"level 4"
"1572","vanraj",3,1,0.333333333333333,"level 4"
"1602","wardsstone",3,1,0.333333333333333,"level 4"
"1632","yht",3,1,0.333333333333333,"level 4"
"742","klip98",7,2,0.285714285714286,"level 4"
"1232","roman12342005",7,2,0.285714285714286,"level 4"
"1302","shiwen",14,4,0.285714285714286,"level 4"
"1113","oso_bucholz",11,3,0.272727272727273,"level 4"
"1413","bert9999",4,1,0.25,"level 4"
"4713","ethanhxyz829",4,1,0.25,"level 4"
"583","habboush",4,1,0.25,"level 4"
"1192","renanreis",4,1,0.25,"level 4"
"1522","udav202",4,1,0.25,"level 4"
"615","andrei70ster",5,1,0.2,"level 4"
"1614","bobc",5,1,0.2,"level 4"
"3013","chesspopper88",5,1,0.2,"level 4"
"3413","cowcowcuw123",5,1,0.2,"level 4"
"1013","mtnmcallister",6,1,0.166666666666667,"level 4"
"1414","tengiz12",6,1,0.166666666666667,"level 4"
"1104","adenildo",3,0,0,"level 4"
"1014","ataozguner",3,0,0,"level 4"
"1114","bauss54",3,0,0,"level 4"
"1214","beamall",6,0,0,"level 4"
"1813","booker13",3,0,0,"level 4"
"2013","brodski",3,0,0,"level 4"
"2913","chessninja6",4,0,0,"level 4"
"4613","erdene123",4,0,0,"level 4"
"488","eyeangel2",3,0,0,"level 4"
"543","gagomanuk71",3,0,0,"level 4"
"573","grigorich",4,0,0,"level 4"
"593","hamedbriki",3,0,0,"level 4"
"603","handenursa",3,0,0,"level 4"
"623","hugomazochi",3,0,0,"level 4"
"662","jatekos",3,0,0,"level 4"
"672","karenesteves2",3,0,0,"level 4"
"702","kgbird",3,0,0,"level 4"
"714","kijek",3,0,0,"level 4"
"822","mahmoud-0",5,0,0,"level 4"
"832","majid141",3,0,0,"level 4"
"962","mn8",4,0,0,"level 4"
"972","mohmohcom2",3,0,0,"level 4"
"992","morcus",3,0,0,"level 4"
"1052","nolp",4,0,0,"level 4"
"1062","nuhbek",3,0,0,"level 4"
"1352","soosi98",3,0,0,"level 4"
"1372","soultego",3,0,0,"level 4"
"1442","tomerari",3,0,0,"level 4"
"1502","trexchess",4,0,0,"level 4"
"1514","tunisinov",3,0,0,"level 4"
"1562","vanitasmarilyn",3,0,0,"level 4"
"1622","ya_boy_agent",3,0,0,"level 4"
"489","chess-stat",3,3,1,"level 5"
"516","chessninja48",3,3,1,"level 5"
"616","ewigestalent",4,4,1,"level 5"
"1215","lupanama",8,8,1,"level 5"
"1615","teatime007",4,4,1,"level 5"
"1814","titlekiller",3,3,1,"level 5"
"1115","lance5500",24,18,0.75,"level 5"
"1105","amir2002zzz",3,2,0.666666666666667,"level 5"
"815","fedai",3,2,0.666666666666667,"level 5"
"1015","kazan_master",3,2,0.666666666666667,"level 5"
"1315","rajuppi",9,6,0.666666666666667,"level 5"
"1415","schachmalanders",3,2,0.666666666666667,"level 5"
"1914","yellowdragoon",3,2,0.666666666666667,"level 5"
"2104","aswer",4,2,0.5,"level 5"
"715","fairygirl",4,2,0.5,"level 5"
"1515","sparklehorse",4,2,0.5,"level 5"
"1714","thelordoftheboard",5,2,0.4,"level 5"
"915","jerusseust",3,1,0.333333333333333,"level 5"
"3104","atrophied",3,0,0,"level 5"
